"family","number","title"
"ACCESS CONTROL","AC-1","ACCESS CONTROL POLICY AND PROCEDURES"
"ACCESS CONTROL","AC-2","ACCOUNT MANAGEMENT"
"ACCESS CONTROL","AC-3","ACCESS ENFORCEMENT"
"ACCESS CONTROL","AC-4","INFORMATION FLOW ENFORCEMENT"
"ACCESS CONTROL","AC-5","SEPARATION OF DUTIES"
"ACCESS CONTROL","AC-6","LEAST PRIVILEGE"
"ACCESS CONTROL","AC-7","UNSUCCESSFUL LOGON ATTEMPTS"
"ACCESS CONTROL","AC-8","SYSTEM USE NOTIFICATION"
"ACCESS CONTROL","AC-9","PREVIOUS LOGON (ACCESS) NOTIFICATION"
"ACCESS CONTROL","AC-10","CONCURRENT SESSION CONTROL"
"ACCESS CONTROL","AC-11","SESSION LOCK"
"ACCESS CONTROL","AC-12","SESSION TERMINATION"
"ACCESS CONTROL","AC-13","SUPERVISION AND REVIEW - ACCESS CONTROL"
"ACCESS CONTROL","AC-14","PERMITTED ACTIONS WITHOUT IDENTIFICATION OR AUTHENTICATION"
"ACCESS CONTROL","AC-15","AUTOMATED MARKING"
"ACCESS CONTROL","AC-16","SECURITY ATTRIBUTES"
"ACCESS CONTROL","AC-17","REMOTE ACCESS"
"ACCESS CONTROL","AC-18","WIRELESS ACCESS"
"ACCESS CONTROL","AC-19","ACCESS CONTROL FOR MOBILE DEVICES"
"ACCESS CONTROL","AC-20","USE OF EXTERNAL INFORMATION SYSTEMS"
"ACCESS CONTROL","AC-21","INFORMATION SHARING"
"ACCESS CONTROL","AC-22","PUBLICLY ACCESSIBLE CONTENT"
"ACCESS CONTROL","AC-23","DATA MINING PROTECTION"
"ACCESS CONTROL","AC-24","ACCESS CONTROL DECISIONS"
"ACCESS CONTROL","AC-25","REFERENCE MONITOR"
"AWARENESS AND TRAINING","AT-1","SECURITY AWARENESS AND TRAINING POLICY AND PROCEDURES"
"AWARENESS AND TRAINING","AT-2","SECURITY AWARENESS TRAINING"
"AWARENESS AND TRAINING","AT-3","ROLE-BASED SECURITY TRAINING"
"AWARENESS AND TRAINING","AT-4","SECURITY TRAINING RECORDS"
"AWARENESS AND TRAINING","AT-5","CONTACTS WITH SECURITY GROUPS AND ASSOCIATIONS"
"AUDIT AND ACCOUNTABILITY","AU-1","AUDIT AND ACCOUNTABILITY POLICY AND PROCEDURES"
"AUDIT AND ACCOUNTABILITY","AU-2","AUDIT EVENTS"
"AUDIT AND ACCOUNTABILITY","AU-3","CONTENT OF AUDIT RECORDS"
"AUDIT AND ACCOUNTABILITY","AU-4","AUDIT STORAGE CAPACITY"
"AUDIT AND ACCOUNTABILITY","AU-5","RESPONSE TO AUDIT PROCESSING FAILURES"
"AUDIT AND ACCOUNTABILITY","AU-6","AUDIT REVIEW, ANALYSIS, AND REPORTING"
"AUDIT AND ACCOUNTABILITY","AU-7","AUDIT REDUCTION AND REPORT GENERATION"
"AUDIT AND ACCOUNTABILITY","AU-8","TIME STAMPS"
"AUDIT AND ACCOUNTABILITY","AU-9","PROTECTION OF AUDIT INFORMATION"
"AUDIT AND ACCOUNTABILITY","AU-10","NON-REPUDIATION"
"AUDIT AND ACCOUNTABILITY","AU-11","AUDIT RECORD RETENTION"
"AUDIT AND ACCOUNTABILITY","AU-12","AUDIT GENERATION"
"AUDIT AND ACCOUNTABILITY","AU-13","MONITORING FOR INFORMATION DISCLOSURE"
"AUDIT AND ACCOUNTABILITY","AU-14","SESSION AUDIT"
"AUDIT AND ACCOUNTABILITY","AU-15","ALTERNATE AUDIT CAPABILITY"
"AUDIT AND ACCOUNTABILITY","AU-16","CROSS-ORGANIZATIONAL AUDITING"
"SECURITY ASSESSMENT AND AUTHORIZATION","CA-1","SECURITY ASSESSMENT AND AUTHORIZATION POLICY AND PROCEDURES"
"SECURITY ASSESSMENT AND AUTHORIZATION","CA-2","SECURITY ASSESSMENTS"
"SECURITY ASSESSMENT AND AUTHORIZATION","CA-3","SYSTEM INTERCONNECTIONS"
"SECURITY ASSESSMENT AND AUTHORIZATION","CA-4","SECURITY CERTIFICATION"
"SECURITY ASSESSMENT AND AUTHORIZATION","CA-5","PLAN OF ACTION AND MILESTONES"
"SECURITY ASSESSMENT AND AUTHORIZATION","CA-6","SECURITY AUTHORIZATION"
"SECURITY ASSESSMENT AND AUTHORIZATION","CA-7","CONTINUOUS MONITORING"
"SECURITY ASSESSMENT AND AUTHORIZATION","CA-8","PENETRATION TESTING"
"SECURITY ASSESSMENT AND AUTHORIZATION","CA-9","INTERNAL SYSTEM CONNECTIONS"
"CONFIGURATION MANAGEMENT","CM-1","CONFIGURATION MANAGEMENT POLICY AND PROCEDURES"
"CONFIGURATION MANAGEMENT","CM-2","BASELINE CONFIGURATION"
"CONFIGURATION MANAGEMENT","CM-3","CONFIGURATION CHANGE CONTROL"
"CONFIGURATION MANAGEMENT","CM-4","SECURITY IMPACT ANALYSIS"
"CONFIGURATION MANAGEMENT","CM-5","ACCESS RESTRICTIONS FOR CHANGE"
"CONFIGURATION MANAGEMENT","CM-6","CONFIGURATION SETTINGS"
"CONFIGURATION MANAGEMENT","CM-7","LEAST FUNCTIONALITY"
"CONFIGURATION MANAGEMENT","CM-8","INFORMATION SYSTEM COMPONENT INVENTORY"
"CONFIGURATION MANAGEMENT","CM-9","CONFIGURATION MANAGEMENT PLAN"
"CONFIGURATION MANAGEMENT","CM-10","SOFTWARE USAGE RESTRICTIONS"
"CONFIGURATION MANAGEMENT","CM-11","USER-INSTALLED SOFTWARE"
"CONTINGENCY PLANNING","CP-1","CONTINGENCY PLANNING POLICY AND PROCEDURES"
"CONTINGENCY PLANNING","CP-2","CONTINGENCY PLAN"
"CONTINGENCY PLANNING","CP-3","CONTINGENCY TRAINING"
"CONTINGENCY PLANNING","CP-4","CONTINGENCY PLAN TESTING"
"CONTINGENCY PLANNING","CP-5","CONTINGENCY PLAN UPDATE"
"CONTINGENCY PLANNING","CP-6","ALTERNATE STORAGE SITE"
"CONTINGENCY PLANNING","CP-7","ALTERNATE PROCESSING SITE"
"CONTINGENCY PLANNING","CP-8","TELECOMMUNICATIONS SERVICES"
"CONTINGENCY PLANNING","CP-9","INFORMATION SYSTEM BACKUP"
"CONTINGENCY PLANNING","CP-10","INFORMATION SYSTEM RECOVERY AND RECONSTITUTION"
"CONTINGENCY PLANNING","CP-11","ALTERNATE COMMUNICATIONS PROTOCOLS"
"CONTINGENCY PLANNING","CP-12","SAFE MODE"
"CONTINGENCY PLANNING","CP-13","ALTERNATIVE SECURITY MECHANISMS"
"IDENTIFICATION AND AUTHENTICATION","IA-1","IDENTIFICATION AND AUTHENTICATION POLICY AND PROCEDURES"
"IDENTIFICATION AND AUTHENTICATION","IA-2","IDENTIFICATION AND AUTHENTICATION (ORGANIZATIONAL USERS)"
"IDENTIFICATION AND AUTHENTICATION","IA-3","DEVICE IDENTIFICATION AND AUTHENTICATION"
"IDENTIFICATION AND AUTHENTICATION","IA-4","IDENTIFIER MANAGEMENT"
"IDENTIFICATION AND AUTHENTICATION","IA-5","AUTHENTICATOR MANAGEMENT"
"IDENTIFICATION AND AUTHENTICATION","IA-6","AUTHENTICATOR FEEDBACK"
"IDENTIFICATION AND AUTHENTICATION","IA-7","CRYPTOGRAPHIC MODULE AUTHENTICATION"
"IDENTIFICATION AND AUTHENTICATION","IA-8","IDENTIFICATION AND AUTHENTICATION (NON-ORGANIZATIONAL USERS)"
"IDENTIFICATION AND AUTHENTICATION","IA-9","SERVICE IDENTIFICATION AND AUTHENTICATION"
"IDENTIFICATION AND AUTHENTICATION","IA-10","ADAPTIVE IDENTIFICATION AND AUTHENTICATION"
"IDENTIFICATION AND AUTHENTICATION","IA-11","RE-AUTHENTICATION"
"INCIDENT RESPONSE","IR-1","INCIDENT RESPONSE POLICY AND PROCEDURES"
"INCIDENT RESPONSE","IR-2","INCIDENT RESPONSE TRAINING"
"INCIDENT RESPONSE","IR-3","INCIDENT RESPONSE TESTING"
"INCIDENT RESPONSE","IR-4","INCIDENT HANDLING"
"INCIDENT RESPONSE","IR-5","INCIDENT MONITORING"
"INCIDENT RESPONSE","IR-6","INCIDENT REPORTING"
"INCIDENT RESPONSE","IR-7","INCIDENT RESPONSE ASSISTANCE"
"INCIDENT RESPONSE","IR-8","INCIDENT RESPONSE PLAN"
"INCIDENT RESPONSE","IR-9","INFORMATION SPILLAGE RESPONSE"
"INCIDENT RESPONSE","IR-10","INTEGRATED INFORMATION SECURITY ANALYSIS TEAM"
"MAINTENANCE","MA-1","SYSTEM MAINTENANCE POLICY AND PROCEDURES"
"MAINTENANCE","MA-2","CONTROLLED MAINTENANCE"
"MAINTENANCE","MA-3","MAINTENANCE TOOLS"
"MAINTENANCE","MA-4","NONLOCAL MAINTENANCE"
"MAINTENANCE","MA-5","MAINTENANCE PERSONNEL"
"MAINTENANCE","MA-6","TIMELY MAINTENANCE"
"MEDIA PROTECTION","MP-1","MEDIA PROTECTION POLICY AND PROCEDURES"
"MEDIA PROTECTION","MP-2","MEDIA ACCESS"
"MEDIA PROTECTION","MP-3","MEDIA MARKING"
"MEDIA PROTECTION","MP-4","MEDIA STORAGE"
"MEDIA PROTECTION","MP-5","MEDIA TRANSPORT"
"MEDIA PROTECTION","MP-6","MEDIA SANITIZATION"
"MEDIA PROTECTION","MP-7","MEDIA USE"
"MEDIA PROTECTION","MP-8","MEDIA DOWNGRADING"
"PHYSICAL AND ENVIRONMENTAL PROTECTION","PE-1","PHYSICAL AND ENVIRONMENTAL PROTECTION POLICY AND PROCEDURES"
"PHYSICAL AND ENVIRONMENTAL PROTECTION","PE-2","PHYSICAL ACCESS AUTHORIZATIONS"
"PHYSICAL AND ENVIRONMENTAL PROTECTION","PE-3","PHYSICAL ACCESS CONTROL"
"PHYSICAL AND ENVIRONMENTAL PROTECTION","PE-4","ACCESS CONTROL FOR TRANSMISSION MEDIUM"
"PHYSICAL AND ENVIRONMENTAL PROTECTION","PE-5","ACCESS CONTROL FOR OUTPUT DEVICES"
"PHYSICAL AND ENVIRONMENTAL PROTECTION","PE-6","MONITORING PHYSICAL ACCESS"
"PHYSICAL AND ENVIRONMENTAL PROTECTION","PE-7","VISITOR CONTROL"
"PHYSICAL AND ENVIRONMENTAL PROTECTION","PE-8","VISITOR ACCESS RECORDS"
"PHYSICAL AND ENVIRONMENTAL PROTECTION","PE-9","POWER EQUIPMENT AND CABLING"
"PHYSICAL AND ENVIRONMENTAL PROTECTION","PE-10","EMERGENCY SHUTOFF"
"PHYSICAL AND ENVIRONMENTAL PROTECTION","PE-11","EMERGENCY POWER"
"PHYSICAL AND ENVIRONMENTAL PROTECTION","PE-12","EMERGENCY LIGHTING"
"PHYSICAL AND ENVIRONMENTAL PROTECTION","PE-13","FIRE PROTECTION"
"PHYSICAL AND ENVIRONMENTAL PROTECTION","PE-14","TEMPERATURE AND HUMIDITY CONTROLS"
"PHYSICAL AND ENVIRONMENTAL PROTECTION","PE-15","WATER DAMAGE PROTECTION"
"PHYSICAL AND ENVIRONMENTAL PROTECTION","PE-16","DELIVERY AND REMOVAL"
"PHYSICAL AND ENVIRONMENTAL PROTECTION","PE-17","ALTERNATE WORK SITE"
"PHYSICAL AND ENVIRONMENTAL PROTECTION","PE-18","LOCATION OF INFORMATION SYSTEM COMPONENTS"
"PHYSICAL AND ENVIRONMENTAL PROTECTION","PE-19","INFORMATION LEAKAGE"
"PHYSICAL AND ENVIRONMENTAL PROTECTION","PE-20","ASSET MONITORING AND TRACKING"
"PLANNING","PL-1","SECURITY PLANNING POLICY AND PROCEDURES"
"PLANNING","PL-2","SYSTEM SECURITY PLAN"
"PLANNING","PL-3","SYSTEM SECURITY PLAN UPDATE"
"PLANNING","PL-4","RULES OF BEHAVIOR"
"PLANNING","PL-5","PRIVACY IMPACT ASSESSMENT"
"PLANNING","PL-6","SECURITY-RELATED ACTIVITY PLANNING"
"PLANNING","PL-7","SECURITY CONCEPT OF OPERATIONS"
"PLANNING","PL-8","INFORMATION SECURITY ARCHITECTURE"
"PLANNING","PL-9","CENTRAL MANAGEMENT"
"PERSONNEL SECURITY","PS-1","PERSONNEL SECURITY POLICY AND PROCEDURES"
"PERSONNEL SECURITY","PS-2","POSITION RISK DESIGNATION"
"PERSONNEL SECURITY","PS-3","PERSONNEL SCREENING"
"PERSONNEL SECURITY","PS-4","PERSONNEL TERMINATION"
"PERSONNEL SECURITY","PS-5","PERSONNEL TRANSFER"
"PERSONNEL SECURITY","PS-6","ACCESS AGREEMENTS"
"PERSONNEL SECURITY","PS-7","THIRD-PARTY PERSONNEL SECURITY"
"PERSONNEL SECURITY","PS-8","PERSONNEL SANCTIONS"
"RISK ASSESSMENT","RA-1","RISK ASSESSMENT POLICY AND PROCEDURES"
"RISK ASSESSMENT","RA-2","SECURITY CATEGORIZATION"
"RISK ASSESSMENT","RA-3","RISK ASSESSMENT"
"RISK ASSESSMENT","RA-4","RISK ASSESSMENT UPDATE"
"RISK ASSESSMENT","RA-5","VULNERABILITY SCANNING"
"RISK ASSESSMENT","RA-6","TECHNICAL SURVEILLANCE COUNTERMEASURES SURVEY"
"SYSTEM AND SERVICES ACQUISITION","SA-1","SYSTEM AND SERVICES ACQUISITION POLICY AND PROCEDURES"
"SYSTEM AND SERVICES ACQUISITION","SA-2","ALLOCATION OF RESOURCES"
"SYSTEM AND SERVICES ACQUISITION","SA-3","SYSTEM DEVELOPMENT LIFE CYCLE"
"SYSTEM AND SERVICES ACQUISITION","SA-4","ACQUISITION PROCESS"
"SYSTEM AND SERVICES ACQUISITION","SA-5","INFORMATION SYSTEM DOCUMENTATION"
"SYSTEM AND SERVICES ACQUISITION","SA-6","SOFTWARE USAGE RESTRICTIONS"
"SYSTEM AND SERVICES ACQUISITION","SA-7","USER-INSTALLED SOFTWARE"
"SYSTEM AND SERVICES ACQUISITION","SA-8","SECURITY ENGINEERING PRINCIPLES"
"SYSTEM AND SERVICES ACQUISITION","SA-9","EXTERNAL INFORMATION SYSTEM SERVICES"
"SYSTEM AND SERVICES ACQUISITION","SA-10","DEVELOPER CONFIGURATION MANAGEMENT"
"SYSTEM AND SERVICES ACQUISITION","SA-11","DEVELOPER SECURITY TESTING AND EVALUATION"
"SYSTEM AND SERVICES ACQUISITION","SA-12","SUPPLY CHAIN PROTECTION"
"SYSTEM AND SERVICES ACQUISITION","SA-13","TRUSTWORTHINESS"
"SYSTEM AND SERVICES ACQUISITION","SA-14","CRITICALITY ANALYSIS"
"SYSTEM AND SERVICES ACQUISITION","SA-15","DEVELOPMENT PROCESS, STANDARDS, AND TOOLS"
"SYSTEM AND SERVICES ACQUISITION","SA-16","DEVELOPER-PROVIDED TRAINING"
"SYSTEM AND SERVICES ACQUISITION","SA-17","DEVELOPER SECURITY ARCHITECTURE AND DESIGN"
"SYSTEM AND SERVICES ACQUISITION","SA-18","TAMPER RESISTANCE AND DETECTION"
"SYSTEM AND SERVICES ACQUISITION","SA-19","COMPONENT AUTHENTICITY"
"SYSTEM AND SERVICES ACQUISITION","SA-20","CUSTOMIZED DEVELOPMENT OF CRITICAL COMPONENTS"
"SYSTEM AND SERVICES ACQUISITION","SA-21","DEVELOPER SCREENING"
"SYSTEM AND SERVICES ACQUISITION","SA-22","UNSUPPORTED SYSTEM COMPONENTS"
"SYSTEM AND COMMUNICATIONS PROTECTION","SC-1","SYSTEM AND COMMUNICATIONS PROTECTION POLICY AND PROCEDURES"
"SYSTEM AND COMMUNICATIONS PROTECTION","SC-2","APPLICATION PARTITIONING"
"SYSTEM AND COMMUNICATIONS PROTECTION","SC-3","SECURITY FUNCTION ISOLATION"
"SYSTEM AND COMMUNICATIONS PROTECTION","SC-4","INFORMATION IN SHARED RESOURCES"
"SYSTEM AND COMMUNICATIONS PROTECTION","SC-5","DENIAL OF SERVICE PROTECTION"
"SYSTEM AND COMMUNICATIONS PROTECTION","SC-6","RESOURCE AVAILABILITY"
"SYSTEM AND COMMUNICATIONS PROTECTION","SC-7","BOUNDARY PROTECTION"
"SYSTEM AND COMMUNICATIONS PROTECTION","SC-8","TRANSMISSION CONFIDENTIALITY AND INTEGRITY"
"SYSTEM AND COMMUNICATIONS PROTECTION","SC-9","TRANSMISSION CONFIDENTIALITY"
"SYSTEM AND COMMUNICATIONS PROTECTION","SC-10","NETWORK DISCONNECT"
"SYSTEM AND COMMUNICATIONS PROTECTION","SC-11","TRUSTED PATH"
"SYSTEM AND COMMUNICATIONS PROTECTION","SC-12","CRYPTOGRAPHIC KEY ESTABLISHMENT AND MANAGEMENT"
"SYSTEM AND COMMUNICATIONS PROTECTION","SC-13","CRYPTOGRAPHIC PROTECTION"
"SYSTEM AND COMMUNICATIONS PROTECTION","SC-14","PUBLIC ACCESS PROTECTIONS"
"SYSTEM AND COMMUNICATIONS PROTECTION","SC-15","COLLABORATIVE COMPUTING DEVICES"
"SYSTEM AND COMMUNICATIONS PROTECTION","SC-16","TRANSMISSION OF SECURITY ATTRIBUTES"
"SYSTEM AND COMMUNICATIONS PROTECTION","SC-17","PUBLIC KEY INFRASTRUCTURE CERTIFICATES"
"SYSTEM AND COMMUNICATIONS PROTECTION","SC-18","MOBILE CODE"
"SYSTEM AND COMMUNICATIONS PROTECTION","SC-19","VOICE OVER INTERNET PROTOCOL"
"SYSTEM AND COMMUNICATIONS PROTECTION","SC-20","SECURE NAME / ADDRESS RESOLUTION SERVICE (AUTHORITATIVE SOURCE)"
"SYSTEM AND COMMUNICATIONS PROTECTION","SC-21","SECURE NAME / ADDRESS RESOLUTION SERVICE (RECURSIVE OR CACHING RESOLVER)"
"SYSTEM AND COMMUNICATIONS PROTECTION","SC-22","ARCHITECTURE AND PROVISIONING FOR NAME / ADDRESS RESOLUTION SERVICE"
"SYSTEM AND COMMUNICATIONS PROTECTION","SC-23","SESSION AUTHENTICITY"
"SYSTEM AND COMMUNICATIONS PROTECTION","SC-24","FAIL IN KNOWN STATE"
"SYSTEM AND COMMUNICATIONS PROTECTION","SC-25","THIN NODES"
"SYSTEM AND COMMUNICATIONS PROTECTION","SC-26","HONEYPOTS"
"SYSTEM AND COMMUNICATIONS PROTECTION","SC-27","PLATFORM-INDEPENDENT APPLICATIONS"
"SYSTEM AND COMMUNICATIONS PROTECTION","SC-28","PROTECTION OF INFORMATION AT REST"
"SYSTEM AND COMMUNICATIONS PROTECTION","SC-29","HETEROGENEITY"
"SYSTEM AND COMMUNICATIONS PROTECTION","SC-30","CONCEALMENT AND MISDIRECTION"
"SYSTEM AND COMMUNICATIONS PROTECTION","SC-31","COVERT CHANNEL ANALYSIS"
"SYSTEM AND COMMUNICATIONS PROTECTION","SC-32","INFORMATION SYSTEM PARTITIONING"
"SYSTEM AND COMMUNICATIONS PROTECTION","SC-33","TRANSMISSION PREPARATION INTEGRITY"
"SYSTEM AND COMMUNICATIONS PROTECTION","SC-34","NON-MODIFIABLE EXECUTABLE PROGRAMS"
"SYSTEM AND COMMUNICATIONS PROTECTION","SC-35","HONEYCLIENTS"
"SYSTEM AND COMMUNICATIONS PROTECTION","SC-36","DISTRIBUTED PROCESSING AND STORAGE"
"SYSTEM AND COMMUNICATIONS PROTECTION","SC-37","OUT-OF-BAND CHANNELS"
"SYSTEM AND COMMUNICATIONS PROTECTION","SC-38","OPERATIONS SECURITY"
"SYSTEM AND COMMUNICATIONS PROTECTION","SC-39","PROCESS ISOLATION"
"SYSTEM AND COMMUNICATIONS PROTECTION","SC-40","WIRELESS LINK PROTECTION"
"SYSTEM AND COMMUNICATIONS PROTECTION","SC-41","PORT AND I/O DEVICE ACCESS"
"SYSTEM AND COMMUNICATIONS PROTECTION","SC-42","SENSOR CAPABILITY AND DATA"
"SYSTEM AND COMMUNICATIONS PROTECTION","SC-43","USAGE RESTRICTIONS"
"SYSTEM AND COMMUNICATIONS PROTECTION","SC-44","DETONATION CHAMBERS"
"SYSTEM AND INFORMATION INTEGRITY","SI-1","SYSTEM AND INFORMATION INTEGRITY POLICY AND PROCEDURES"
"SYSTEM AND INFORMATION INTEGRITY","SI-2","FLAW REMEDIATION"
"SYSTEM AND INFORMATION INTEGRITY","SI-3","MALICIOUS CODE PROTECTION"
"SYSTEM AND INFORMATION INTEGRITY","SI-4","INFORMATION SYSTEM MONITORING"
"SYSTEM AND INFORMATION INTEGRITY","SI-5","SECURITY ALERTS, ADVISORIES, AND DIRECTIVES"
"SYSTEM AND INFORMATION INTEGRITY","SI-6","SECURITY FUNCTION VERIFICATION"
"SYSTEM AND INFORMATION INTEGRITY","SI-7","SOFTWARE, FIRMWARE, AND INFORMATION INTEGRITY"
"SYSTEM AND INFORMATION INTEGRITY","SI-8","SPAM PROTECTION"
"SYSTEM AND INFORMATION INTEGRITY","SI-9","INFORMATION INPUT RESTRICTIONS"
"SYSTEM AND INFORMATION INTEGRITY","SI-10","INFORMATION INPUT VALIDATION"
"SYSTEM AND INFORMATION INTEGRITY","SI-11","ERROR HANDLING"
"SYSTEM AND INFORMATION INTEGRITY","SI-12","INFORMATION HANDLING AND RETENTION"
"SYSTEM AND INFORMATION INTEGRITY","SI-13","PREDICTABLE FAILURE PREVENTION"
"SYSTEM AND INFORMATION INTEGRITY","SI-14","NON-PERSISTENCE"
"SYSTEM AND INFORMATION INTEGRITY","SI-15","INFORMATION OUTPUT FILTERING"
"SYSTEM AND INFORMATION INTEGRITY","SI-16","MEMORY PROTECTION"
"SYSTEM AND INFORMATION INTEGRITY","SI-17","FAIL-SAFE PROCEDURES"
"PROGRAM MANAGEMENT","PM-1","INFORMATION SECURITY PROGRAM PLAN"
"PROGRAM MANAGEMENT","PM-2","SENIOR INFORMATION SECURITY OFFICER"
"PROGRAM MANAGEMENT","PM-3","INFORMATION SECURITY RESOURCES"
"PROGRAM MANAGEMENT","PM-4","PLAN OF ACTION AND MILESTONES PROCESS"
"PROGRAM MANAGEMENT","PM-5","INFORMATION SYSTEM INVENTORY"
"PROGRAM MANAGEMENT","PM-6","INFORMATION SECURITY MEASURES OF PERFORMANCE"
"PROGRAM MANAGEMENT","PM-7","ENTERPRISE ARCHITECTURE"
"PROGRAM MANAGEMENT","PM-8","CRITICAL INFRASTRUCTURE PLAN"
"PROGRAM MANAGEMENT","PM-9","RISK MANAGEMENT STRATEGY"
"PROGRAM MANAGEMENT","PM-10","SECURITY AUTHORIZATION PROCESS"
"PROGRAM MANAGEMENT","PM-11","MISSION/BUSINESS PROCESS DEFINITION"
"PROGRAM MANAGEMENT","PM-12","INSIDER THREAT PROGRAM"
"PROGRAM MANAGEMENT","PM-13","INFORMATION SECURITY WORKFORCE"
"PROGRAM MANAGEMENT","PM-14","TESTING, TRAINING, AND MONITORING"
"PROGRAM MANAGEMENT","PM-15","CONTACTS WITH SECURITY GROUPS AND ASSOCIATIONS"
"PROGRAM MANAGEMENT","PM-16","THREAT AWARENESS PROGRAM"
